{
  "text": "The sources were reviewed by the professor.",
  "tokens": [
    "<|begin_of_text|>",
    "The",
    "\u0120sources",
    "\u0120were",
    "\u0120reviewed",
    "\u0120by",
    "\u0120the",
    "\u0120professor",
    "."
  ],
  "diagnostics": [
    {
      "layer": 0,
      "energy": 969.0897216796875,
      "smoothness_index": 0.7185164180828165,
      "spectral_entropy": 0.9873862266540527,
      "hfer": 0.5212537050247192,
      "eigenvalues": [
        4.76837158203125e-07,
        0.7535502910614014,
        0.818993091583252,
        0.8650786876678467,
        0.9093613624572754,
        0.9340018630027771,
        0.9792653918266296,
        0.994745135307312,
        1.2626972198486328
      ],
      "spectral_masses": [
        556.1983642578125,
        10.229440689086914,
        12.137815475463867,
        1.7254849672317505,
        3.2798755168914795,
        36.327510833740234,
        22.80994415283203,
        2.9945485591888428,
        703.0343017578125
      ],
      "fiedler_value": 0.7535502910614014,
      "connectivity": true
    },
    {
      "layer": 1,
      "energy": 136990.1875,
      "smoothness_index": 0.7747093019402786,
      "spectral_entropy": 0.7182623147964478,
      "hfer": 0.5064812898635864,
      "eigenvalues": [
        2.384185791015625e-07,
        0.8910998702049255,
        0.91432785987854,
        0.9473351240158081,
        0.9571067094802856,
        0.9758979082107544,
        1.0054125785827637,
        1.0142953395843506,
        1.523238182067871
      ],
      "spectral_masses": [
        86657.9453125,
        66.57709503173828,
        360.3146667480469,
        50.58695602416992,
        17.265419006347656,
        11.927921295166016,
        68.63397216796875,
        34.62379455566406,
        89560.0078125
      ],
      "fiedler_value": 0.8910998702049255,
      "connectivity": true
    },
    {
      "layer": 2,
      "energy": 138533.6875,
      "smoothness_index": 0.7815545097793086,
      "spectral_entropy": 0.719743013381958,
      "hfer": 0.49002790451049805,
      "eigenvalues": [
        0.0,
        0.9390947222709656,
        0.9439031481742859,
        0.9545732736587524,
        0.9749219417572021,
        0.9894439578056335,
        0.9946832060813904,
        1.0211801528930664,
        1.5878629684448242
      ],
      "spectral_masses": [
        89756.1875,
        22.67803382873535,
        222.74432373046875,
        225.9611358642578,
        90.1923599243164,
        7.040118217468262,
        22.287479400634766,
        47.49940490722656,
        86859.40625
      ],
      "fiedler_value": 0.9390947222709656,
      "connectivity": true
    },
    {
      "layer": 3,
      "energy": 134532.125,
      "smoothness_index": 0.7569916871247981,
      "spectral_entropy": 0.8046517372131348,
      "hfer": 0.5223340392112732,
      "eigenvalues": [
        2.384185791015625e-07,
        0.8467652797698975,
        0.8989349007606506,
        0.9282859563827515,
        0.9572188854217529,
        0.9739142060279846,
        0.9990264177322388,
        1.0120407342910767,
        1.411669373512268
      ],
      "spectral_masses": [
        81075.328125,
        592.3220825195312,
        706.1650390625,
        2261.725830078125,
        6.715841770172119,
        90.52510833740234,
        132.88821411132812,
        24.84926986694336,
        92828.90625
      ],
      "fiedler_value": 0.8467652797698975,
      "connectivity": true
    },
    {
      "layer": 4,
      "energy": 134030.96875,
      "smoothness_index": 0.7511175721251261,
      "spectral_entropy": 0.8110781908035278,
      "hfer": 0.5354532599449158,
      "eigenvalues": [
        3.5762786865234375e-07,
        0.8336967825889587,
        0.8893743753433228,
        0.915806233882904,
        0.9356890916824341,
        0.9807956218719482,
        0.9950257539749146,
        1.026804804801941,
        1.366736650466919
      ],
      "spectral_masses": [
        79086.25,
        794.5166015625,
        929.1926879882812,
        1401.323486328125,
        236.91842651367188,
        88.64952087402344,
        167.7867431640625,
        190.0447998046875,
        95547.3828125
      ],
      "fiedler_value": 0.8336967825889587,
      "connectivity": true
    },
    {
      "layer": 5,
      "energy": 137282.203125,
      "smoothness_index": 0.765997898010346,
      "spectral_entropy": 0.7532970905303955,
      "hfer": 0.5178699493408203,
      "eigenvalues": [
        4.76837158203125e-07,
        0.8775011301040649,
        0.8984017968177795,
        0.9322333335876465,
        0.9456475377082825,
        0.9538609981536865,
        0.9766268730163574,
        0.9979153871536255,
        1.4619163274765015
      ],
      "spectral_masses": [
        84690.984375,
        71.34364318847656,
        689.7578125,
        10.870790481567383,
        517.53515625,
        84.77415466308594,
        298.3245849609375,
        43.811222076416016,
        92812.71875
      ],
      "fiedler_value": 0.8775011301040649,
      "connectivity": true
    },
    {
      "layer": 6,
      "energy": 133839.328125,
      "smoothness_index": 0.7430725669121392,
      "spectral_entropy": 0.7682384252548218,
      "hfer": 0.553780734539032,
      "eigenvalues": [
        3.5762786865234375e-07,
        0.798734724521637,
        0.858834981918335,
        0.8971391320228577,
        0.915358304977417,
        0.943907618522644,
        0.948107123374939,
        0.9657741785049438,
        1.3185615539550781
      ],
      "spectral_masses": [
        77708.984375,
        206.43528747558594,
        1417.827880859375,
        919.3377075195312,
        10.264509201049805,
        17.84072494506836,
        82.00440979003906,
        8.586301803588867,
        99744.8359375
      ],
      "fiedler_value": 0.798734724521637,
      "connectivity": true
    },
    {
      "layer": 7,
      "energy": 137366.265625,
      "smoothness_index": 0.7589466787065318,
      "spectral_entropy": 0.7439349293708801,
      "hfer": 0.5286315679550171,
      "eigenvalues": [
        4.76837158203125e-07,
        0.8849641680717468,
        0.9125370383262634,
        0.942245364189148,
        0.9620590209960938,
        0.9671281576156616,
        0.9709875583648682,
        0.9831854104995728,
        1.4208067655563354
      ],
      "spectral_masses": [
        83801.9609375,
        231.2379150390625,
        425.32928466796875,
        63.23016357421875,
        11.131246566772461,
        22.6357364654541,
        753.8590087890625,
        6.403393268585205,
        95680.1953125
      ],
      "fiedler_value": 0.8849641680717468,
      "connectivity": true
    },
    {
      "layer": 8,
      "energy": 135109.40625,
      "smoothness_index": 0.7436527868998802,
      "spectral_entropy": 0.7461696863174438,
      "hfer": 0.5488138794898987,
      "eigenvalues": [
        3.5762786865234375e-07,
        0.8406740427017212,
        0.8846423625946045,
        0.8937069177627563,
        0.9290156960487366,
        0.959109902381897,
        0.9672979116439819,
        0.9714468717575073,
        1.3403337001800537
      ],
      "spectral_masses": [
        80356.578125,
        138.7740478515625,
        324.806884765625,
        483.4508361816406,
        506.10015869140625,
        56.95685577392578,
        13.362115859985352,
        93.04205322265625,
        99710.40625
      ],
      "fiedler_value": 0.8406740427017212,
      "connectivity": true
    },
    {
      "layer": 9,
      "energy": 132404.40625,
      "smoothness_index": 0.7251391637935387,
      "spectral_entropy": 0.8064706921577454,
      "hfer": 0.55531245470047,
      "eigenvalues": [
        2.384185791015625e-07,
        0.7530907988548279,
        0.8057094812393188,
        0.8399316072463989,
        0.8741706609725952,
        0.9214428663253784,
        0.9429054260253906,
        0.9604843854904175,
        1.2695930004119873
      ],