{
  "text": "The sources were reviewed by the professor.",
  "tokens": [
    "<|begin_of_text|>",
    "The",
    "\u0120sources",
    "\u0120were",
    "\u0120reviewed",
    "\u0120by",
    "\u0120the",
    "\u0120professor",
    "."
  ],
  "diagnostics": [
    {
      "layer": 0,
      "energy": 969.0897216796875,
      "smoothness_index": 0.7185164180828165,
      "spectral_entropy": 0.9873857498168945,
      "hfer": 0.521253764629364,
      "eigenvalues": [
        2.384185791015625e-07,
        0.7535502910614014,
        0.8189929127693176,
        0.8650785684585571,
        0.9093611836433411,
        0.9340016841888428,
        0.9792652726173401,
        0.9947452545166016,
        1.2626972198486328
      ],
      "spectral_masses": [
        556.1983642578125,
        10.229436874389648,
        12.137782096862793,
        1.72548508644104,
        3.279705762863159,
        36.32754135131836,
        22.810039520263672,
        2.994546890258789,
        703.0343017578125
      ],
      "fiedler_value": 0.7535502910614014,
      "connectivity": true
    },
    {
      "layer": 1,
      "energy": 136990.1875,
      "smoothness_index": 0.7747093019402786,
      "spectral_entropy": 0.7182623147964478,
      "hfer": 0.5064812898635864,
      "eigenvalues": [
        2.384185791015625e-07,
        0.8910998702049255,
        0.91432785987854,
        0.9473351836204529,
        0.9571065306663513,
        0.9758976101875305,
        1.0054125785827637,
        1.0142953395843506,
        1.523238182067871
      ],
      "spectral_masses": [
        86657.9453125,
        66.5777587890625,
        360.3136901855469,
        50.587249755859375,
        17.26544952392578,
        11.927762031555176,
        68.63560485839844,
        34.62144088745117,
        89560.0078125
      ],
      "fiedler_value": 0.8910998702049255,
      "connectivity": true
    },
    {
      "layer": 2,
      "energy": 138533.6875,
      "smoothness_index": 0.7815545097793086,
      "spectral_entropy": 0.7197433114051819,
      "hfer": 0.4900278151035309,
      "eigenvalues": [
        3.5762786865234375e-07,
        0.9390945434570312,
        0.9439029693603516,
        0.954573392868042,
        0.9749217629432678,
        0.9894437193870544,
        0.9946831464767456,
        1.0211801528930664,
        1.5878629684448242
      ],
      "spectral_masses": [
        89756.203125,
        22.67660903930664,
        222.7493896484375,
        225.96556091308594,
        90.19213104248047,
        7.040095329284668,
        22.287769317626953,
        47.49928283691406,
        86859.40625
      ],
      "fiedler_value": 0.9390945434570312,
      "connectivity": true
    },
    {
      "layer": 3,
      "energy": 134532.125,
      "smoothness_index": 0.7569916871247981,
      "spectral_entropy": 0.8046520948410034,
      "hfer": 0.5223338603973389,
      "eigenvalues": [
        4.76837158203125e-07,
        0.8467652201652527,
        0.8989348411560059,
        0.9282859563827515,
        0.9572187066078186,
        0.9739139080047607,
        0.9990262389183044,
        1.0120409727096558,
        1.4116694927215576
      ],
      "spectral_masses": [
        81075.34375,
        592.3201293945312,
        706.1605224609375,
        2261.74462890625,
        6.715874671936035,
        90.5250244140625,
        132.8911590576172,
        24.848060607910156,
        92828.875
      ],
      "fiedler_value": 0.8467652201652527,
      "connectivity": true
    },
    {
      "layer": 4,
      "energy": 134030.96875,
      "smoothness_index": 0.7511175721251261,
      "spectral_entropy": 0.8110783100128174,
      "hfer": 0.535453200340271,
      "eigenvalues": [
        3.5762786865234375e-07,
        0.8336968421936035,
        0.8893746137619019,
        0.9158062934875488,
        0.935688853263855,
        0.9807957410812378,
        0.9950255155563354,
        1.0268049240112305,
        1.366736650466919
      ],
      "spectral_masses": [
        79086.25,
        794.5143432617188,
        929.18603515625,
        1401.324951171875,
        236.9259490966797,
        88.65181732177734,
        167.7884979248047,
        190.0423583984375,
        95547.375
      ],
      "fiedler_value": 0.8336968421936035,
      "connectivity": true
    },
    {
      "layer": 5,
      "energy": 137282.203125,
      "smoothness_index": 0.765997898010346,
      "spectral_entropy": 0.7532969117164612,
      "hfer": 0.5178700685501099,
      "eigenvalues": [
        4.76837158203125e-07,
        0.8775014281272888,
        0.8984019160270691,
        0.932233452796936,
        0.945647656917572,
        0.9538613557815552,
        0.9766272902488708,
        0.9979156255722046,
        1.4619160890579224
      ],
      "spectral_masses": [
        84690.984375,
        71.34591674804688,
        689.7476806640625,
        10.87131404876709,
        517.5396728515625,
        84.77229309082031,
        298.3258056640625,
        43.80939865112305,
        92812.75
      ],
      "fiedler_value": 0.8775014281272888,
      "connectivity": true
    },
    {
      "layer": 6,
      "energy": 133839.328125,
      "smoothness_index": 0.7430725669121392,
      "spectral_entropy": 0.7682384252548218,
      "hfer": 0.553780734539032,
      "eigenvalues": [
        3.5762786865234375e-07,
        0.798734724521637,
        0.858834981918335,
        0.8971389532089233,
        0.9153584837913513,
        0.943907618522644,
        0.9481070637702942,
        0.9657740592956543,
        1.3185615539550781
      ],
      "spectral_masses": [
        77708.984375,
        206.43319702148438,
        1417.817138671875,
        919.3480224609375,
        10.264305114746094,
        17.840679168701172,
        82.00672912597656,
        8.585973739624023,
        99744.8359375
      ],
      "fiedler_value": 0.798734724521637,
      "connectivity": true
    },
    {
      "layer": 7,
      "energy": 137366.265625,
      "smoothness_index": 0.7589466787065318,
      "spectral_entropy": 0.7439349293708801,
      "hfer": 0.5286316871643066,
      "eigenvalues": [
        2.384185791015625e-07,
        0.884964108467102,
        0.9125368595123291,
        0.9422451257705688,
        0.9620590209960938,
        0.9671280980110168,
        0.9709873199462891,
        0.9831855297088623,
        1.420806884765625
      ],
      "spectral_masses": [
        83801.921875,
        231.23939514160156,
        425.3343811035156,
        63.22772216796875,
        11.131124496459961,
        22.640869140625,
        753.8464965820312,
        6.403378009796143,
        95680.1875
      ],
      "fiedler_value": 0.884964108467102,
      "connectivity": true
    },
    {
      "layer": 8,
      "energy": 135109.40625,
      "smoothness_index": 0.7436527868998802,
      "spectral_entropy": 0.7461698055267334,
      "hfer": 0.5488141179084778,
      "eigenvalues": [
        0.0,
        0.840674102306366,
        0.8846425414085388,
        0.8937070369720459,
        0.9290159344673157,
        0.9591099619865417,
        0.9672980904579163,
        0.9714468717575073,
        1.3403335809707642
      ],
      "spectral_masses": [
        80356.515625,
        138.773681640625,
        324.807373046875,
        483.44970703125,
        506.103271484375,
        56.9571647644043,
        13.362723350524902,
        93.04159545898438,
        99710.4375
      ],
      "fiedler_value": 0.840674102306366,
      "connectivity": true
    },
    {
      "layer": 9,
      "energy": 132404.40625,
      "smoothness_index": 0.7251391637935387,
      "spectral_entropy": 0.8064708709716797,
      "hfer": 0.5553123950958252,
      "eigenvalues": [
        2.384185791015625e-07,
        0.7530910968780518,
        0.8057098984718323,
        0.8399319052696228,
        0.8741708993911743,
        0.9214430451393127,
        0.9429057240486145,
        0.9604846239089966,
        1.2695930004119873
      ],