{
  "text": "The professor reviewed the sources.",
  "tokens": [
    "The",
    "\u0120professor",
    "\u0120reviewed",
    "\u0120the",
    "\u0120sources",
    "."
  ],
  "diagnostics": [
    {
      "layer": 0,
      "energy": 1158.486328125,
      "smoothness_index": 0.3442124745793695,
      "spectral_entropy": 1.4239424467086792,
      "hfer": 0.17108669877052307,
      "eigenvalues": [
        1.1920928955078125e-07,
        0.44626814126968384,
        0.5540062785148621,
        0.7637274861335754,
        0.8045865893363953,
        0.814905047416687
      ],
      "spectral_masses": [
        1750.240234375,
        262.726318359375,
        160.00796508789062,
        316.4156799316406,
        300.4114990234375,
        575.8116455078125
      ],
      "fiedler_value": 0.44626814126968384,
      "connectivity": true
    },
    {
      "layer": 1,
      "energy": 4075.6591796875,
      "smoothness_index": 0.34682875208048636,
      "spectral_entropy": 1.338761329650879,
      "hfer": 0.03289104253053665,
      "eigenvalues": [
        2.980232238769531e-07,
        0.5942416191101074,
        0.7462342977523804,
        0.8277117013931274,
        0.8434599041938782,
        0.9439142942428589
      ],
      "spectral_masses": [
        6526.3232421875,
        998.9854125976562,
        900.8306274414062,
        2133.945068359375,
        804.6204833984375,
        386.50970458984375
      ],
      "fiedler_value": 0.5942416191101074,
      "connectivity": true
    },
    {
      "layer": 2,
      "energy": 5180.12939453125,
      "smoothness_index": 0.42556832071378986,
      "spectral_entropy": 1.2885334491729736,
      "hfer": 0.06498368829488754,
      "eigenvalues": [
        0.0,
        0.708387017250061,
        0.8016291856765747,
        0.9093552827835083,
        0.9849734902381897,
        1.018288016319275
      ],
      "spectral_masses": [
        6643.755859375,
        592.5219116210938,
        230.8380126953125,
        1129.9989013671875,
        2784.1513671875,
        790.9986572265625
      ],
      "fiedler_value": 0.708387017250061,
      "connectivity": true
    },
    {
      "layer": 3,
      "energy": 63773696.0,
      "smoothness_index": 0.6015011360799105,
      "spectral_entropy": 1.5880025625228882,
      "hfer": 0.0003878014103975147,
      "eigenvalues": [
        1.7881393432617188e-07,
        0.6153315901756287,
        0.6949052214622498,
        0.7797052264213562,
        0.9141867756843567,
        0.9621999263763428
      ],
      "spectral_masses": [
        19824390.0,
        22127898.0,
        20615496.0,
        28980972.0,
        14434384.0,
        41116.35546875
      ],
      "fiedler_value": 0.6153315901756287,
      "connectivity": true
    },
    {
      "layer": 4,
      "energy": 110727936.0,
      "smoothness_index": 0.6619477257555826,
      "spectral_entropy": 1.0041778087615967,
      "hfer": 0.45130297541618347,
      "eigenvalues": [
        0.0,
        0.12177427113056183,
        0.9434553384780884,
        0.9699679017066956,
        1.0109995603561401,
        1.4159656763076782
      ],
      "spectral_masses": [
        73667776.0,
        16212024.0,
        56086.7734375,
        1504855.0,
        343082.1875,
        75492144.0
      ],
      "fiedler_value": 0.12177427113056183,
      "connectivity": true
    },
    {
      "layer": 5,
      "energy": 115482936.0,
      "smoothness_index": 0.6704022627114976,
      "spectral_entropy": 0.9650367498397827,
      "hfer": 0.43487635254859924,
      "eigenvalues": [
        7.994037432013101e-09,
        0.08931679278612137,
        0.9521551132202148,
        0.9981772899627686,
        1.015307903289795,
        1.5148873329162598
      ],
      "spectral_masses": [
        79989512.0,
        16856710.0,
        223520.5625,
        10726.6884765625,
        267286.4375,
        74911464.0
      ],
      "fiedler_value": 0.08931679278612137,
      "connectivity": true
    },
    {
      "layer": 6,
      "energy": 130614272.0,
      "smoothness_index": 0.7389899362605392,
      "spectral_entropy": 0.9511045217514038,
      "hfer": 0.5274418592453003,
      "eigenvalues": [
        4.76837158203125e-07,
        0.2629629373550415,
        0.9426705837249756,
        0.990664005279541,
        1.0437793731689453,
        1.3420544862747192
      ],
      "spectral_masses": [
        68475360.0,
        13056620.0,
        30078.927734375,
        112176.515625,
        1849028.75,
        93223824.0
      ],
      "fiedler_value": 0.2629629373550415,
      "connectivity": true
    },
    {
      "layer": 7,
      "energy": 108903736.0,
      "smoothness_index": 0.6067142703571338,
      "spectral_entropy": 1.101222038269043,
      "hfer": 0.4665324091911316,
      "eigenvalues": [
        4.76837158203125e-07,
        0.09549248218536377,
        0.8369140625,
        0.9051998853683472,
        0.9610146880149841,
        1.2110991477966309
      ],
      "spectral_masses": [
        72684696.0,
        16443387.0,
        2323679.25,
        2990200.5,
        1314155.0,
        83741408.0
      ],
      "fiedler_value": 0.09549248218536377,
      "connectivity": true
    },
    {
      "layer": 8,
      "energy": 115277520.0,
      "smoothness_index": 0.6354467308671296,
      "spectral_entropy": 1.0682151317596436,
      "hfer": 0.4537028968334198,
      "eigenvalues": [
        7.152557373046875e-07,
        0.09036862850189209,
        0.8971514105796814,
        0.9286373853683472,
        1.0363439321517944,
        1.3148961067199707
      ],
      "spectral_masses": [
        77225984.0,
        16315378.0,
        990028.25,
        461465.9375,
        4111797.5,
        82306992.0
      ],
      "fiedler_value": 0.09036862850189209,
      "connectivity": true
    },
    {
      "layer": 9,
      "energy": 115054824.0,
      "smoothness_index": 0.6148589349894821,
      "spectral_entropy": 1.0011608600616455,
      "hfer": 0.4800659716129303,
      "eigenvalues": [
        0.0,
        0.06436416506767273,
        0.8529176712036133,
        0.9034717082977295,
        0.9108853936195374,
        1.2402138710021973
      ],
      "spectral_masses": [
        78292136.0,
        16131077.0,
        55676.13671875,
        559860.5,
        2253339.25,
        89831824.0
      ],
      "fiedler_value": 0.06436416506767273,
      "connectivity": true
    },
    {
      "layer": 10,
      "energy": 112057024.0,
      "smoothness_index": 0.5941762689006732,
      "spectral_entropy": 1.0492630004882812,
      "hfer": 0.48412930965423584,
      "eigenvalues": [
        3.5762786865234375e-07,
        0.06757712364196777,
        0.8136911392211914,
        0.8710933923721313,
        0.9725788831710815,
        1.1579562425613403
      ],
      "spectral_masses": [
        75821016.0,
        15916216.0,
        357191.21875,
        850100.0625,
        4344603.5,
        91302944.0
      ],
      "fiedler_value": 0.06757712364196777,
      "connectivity": true
    },
    {
      "layer": 11,
      "energy": 117699008.0,
      "smoothness_index": 0.5991803916956177,
      "spectral_entropy": 1.04152512550354,
      "hfer": 0.4618529677391052,
      "eigenvalues": [
        3.5762786865234375e-07,
        0.06179964542388916,
        0.8858633041381836,
        0.9215395450592041,
        1.0227656364440918,
        1.235880732536316
      ],
      "spectral_masses": [
        82877792.0,
        18392606.0,
        559831.0,
        246499.9375,
        3633332.5,
        90723360.0
      ],
      "fiedler_value": 0.06179964542388916,
      "connectivity": true
    },
    {
      "layer": 12,
      "energy": 122697440.0,
      "smoothness_index": 0.6104497971533003,
      "spectral_entropy": 0.9766244888305664,
      "hfer": 0.461943119764328,