{
  "text": "The professor reviewed the sources.",
  "tokens": [
    "<|begin_of_text|>",
    "The",
    "\u0120professor",
    "\u0120reviewed",
    "\u0120the",
    "\u0120sources",
    "."
  ],
  "diagnostics": [
    {
      "layer": 0,
      "energy": 903.30224609375,
      "smoothness_index": 0.6718895928939536,
      "spectral_entropy": 0.8881160020828247,
      "hfer": 0.5054515600204468,
      "eigenvalues": [
        2.384185791015625e-07,
        0.8167484998703003,
        0.8572556972503662,
        0.9279845952987671,
        0.9543768167495728,
        0.9874957203865051,
        1.2476866245269775
      ],
      "spectral_masses": [
        605.03857421875,
        5.395409107208252,
        1.7062256336212158,
        40.433921813964844,
        2.8610053062438965,
        9.445777893066406,
        679.5394287109375
      ],
      "fiedler_value": 0.8167484998703003,
      "connectivity": true
    },
    {
      "layer": 1,
      "energy": 128246.25,
      "smoothness_index": 0.7253003616003733,
      "spectral_entropy": 0.7179372906684875,
      "hfer": 0.4791618585586548,
      "eigenvalues": [
        4.76837158203125e-07,
        0.9210280179977417,
        0.9247057437896729,
        0.9616138339042664,
        0.9639963507652283,
        1.0209200382232666,
        1.5069862604141235
      ],
      "spectral_masses": [
        91496.25,
        129.87875366210938,
        183.98568725585938,
        79.41425323486328,
        121.82839965820312,
        82.27015686035156,
        84724.5
      ],
      "fiedler_value": 0.9210280179977417,
      "connectivity": true
    },
    {
      "layer": 2,
      "energy": 129307.6875,
      "smoothness_index": 0.7295656921395011,
      "spectral_entropy": 0.7341316938400269,
      "hfer": 0.4668073058128357,
      "eigenvalues": [
        1.1920928955078125e-07,
        0.9311384558677673,
        0.9529547691345215,
        0.9718801975250244,
        0.9773549437522888,
        1.001621961593628,
        1.5491684675216675
      ],
      "spectral_masses": [
        93301.125,
        809.1279296875,
        180.1598663330078,
        12.843441009521484,
        103.69345092773438,
        95.71649169921875,
        82736.5703125
      ],
      "fiedler_value": 0.9311384558677673,
      "connectivity": true
    },
    {
      "layer": 3,
      "energy": 126325.5703125,
      "smoothness_index": 0.710898224222098,
      "spectral_entropy": 0.7705173492431641,
      "hfer": 0.4922589659690857,
      "eigenvalues": [
        5.960464477539062e-07,
        0.8884549736976624,
        0.9108562469482422,
        0.9463238716125488,
        0.9664264917373657,
        1.0072077512741089,
        1.4162278175354004
      ],
      "spectral_masses": [
        87569.546875,
        10.05752944946289,
        2165.5087890625,
        256.460205078125,
        148.35165405273438,
        74.8878402709961,
        87473.6640625
      ],
      "fiedler_value": 0.8884549736976624,
      "connectivity": true
    },
    {
      "layer": 4,
      "energy": 125401.03125,
      "smoothness_index": 0.7028835803468515,
      "spectral_entropy": 0.7926337718963623,
      "hfer": 0.5038785934448242,
      "eigenvalues": [
        5.960464477539062e-07,
        0.837940514087677,
        0.9020674824714661,
        0.9216279983520508,
        0.9421854615211487,
        0.9904428124427795,
        1.3638176918029785
      ],
      "spectral_masses": [
        85364.96875,
        1151.7462158203125,
        775.62841796875,
        979.361083984375,
        159.60491943359375,
        81.39936828613281,
        89896.6484375
      ],
      "fiedler_value": 0.837940514087677,
      "connectivity": true
    },
    {
      "layer": 5,
      "energy": 128278.2109375,
      "smoothness_index": 0.7159026499315299,
      "spectral_entropy": 0.7350332736968994,
      "hfer": 0.4925265312194824,
      "eigenvalues": [
        2.384185791015625e-07,
        0.8888459801673889,
        0.9234216809272766,
        0.9489189982414246,
        0.9515162706375122,
        0.9951156377792358,
        1.4414316415786743
      ],
      "spectral_masses": [
        89788.5625,
        96.5902099609375,
        608.8576049804688,
        298.9231872558594,
        32.18168258666992,
        105.94676971435547,
        88252.8125
      ],
      "fiedler_value": 0.8888459801673889,
      "connectivity": true
    },
    {
      "layer": 6,
      "energy": 124987.140625,
      "smoothness_index": 0.6941052427344868,
      "spectral_entropy": 0.7672992944717407,
      "hfer": 0.5198326706886292,
      "eigenvalues": [
        3.5762786865234375e-07,
        0.8127799034118652,
        0.86757493019104,
        0.8949259519577026,
        0.9232199192047119,
        0.9605219960212708,
        1.3121529817581177
      ],
      "spectral_masses": [
        84008.3671875,
        548.40087890625,
        12.745280265808105,
        1571.57421875,
        298.2587890625,
        24.119457244873047,
        93605.96875
      ],
      "fiedler_value": 0.8127799034118652,
      "connectivity": true
    },
    {
      "layer": 7,
      "energy": 127755.203125,
      "smoothness_index": 0.7060466512377808,
      "spectral_entropy": 0.7165026068687439,
      "hfer": 0.5088601112365723,
      "eigenvalues": [
        4.76837158203125e-07,
        0.894363522529602,
        0.9137091636657715,
        0.9443678855895996,
        0.9734007120132446,
        0.9867669343948364,
        1.3811259269714355
      ],
      "spectral_masses": [
        88244.40625,
        14.578821182250977,
        109.6491928100586,
        455.8349609375,
        15.255088806152344,
        29.285552978515625,
        92075.390625
      ],
      "fiedler_value": 0.894363522529602,
      "connectivity": true
    },
    {
      "layer": 8,
      "energy": 125575.359375,
      "smoothness_index": 0.6913928427177835,
      "spectral_entropy": 0.7544049024581909,
      "hfer": 0.5188285708427429,
      "eigenvalues": [
        5.960464477539062e-07,
        0.8110660910606384,
        0.8896929025650024,
        0.9014400243759155,
        0.9534857273101807,
        0.9663763642311096,
        1.3152395486831665
      ],
      "spectral_masses": [
        85467.875,
        1222.1697998046875,
        112.05589294433594,
        402.1306457519531,
        18.346172332763672,
        171.0110626220703,
        94233.1328125
      ],
      "fiedler_value": 0.8110660910606384,
      "connectivity": true
    },
    {
      "layer": 9,
      "energy": 122023.4921875,
      "smoothness_index": 0.6686290879507776,
      "spectral_entropy": 0.8365970849990845,
      "hfer": 0.5232111811637878,
      "eigenvalues": [
        7.152557373046875e-07,
        0.7575589418411255,
        0.7982877492904663,
        0.8575069904327393,
        0.923257052898407,
        0.9442561864852905,
        1.2298301458358765
      ],
      "spectral_masses": [
        81227.328125,
        3682.685546875,
        229.45742797851562,
        1715.072998046875,
        12.703365325927734,
        145.78146362304688,
        95485.03125
      ],
      "fiedler_value": 0.7575589418411255,
      "connectivity": true
    },
    {
      "layer": 10,
      "energy": 126645.3046875,
      "smoothness_index": 0.6924828192860061,
      "spectral_entropy": 0.7375048995018005,
      "hfer": 0.5025668144226074,
      "eigenvalues": [
        4.76837158203125e-07,
        0.8171767592430115,
        0.8506808876991272,
        0.8798896670341492,
        0.9086538553237915,
        0.9169939756393433,
        1.3658579587936401
      ],
      "spectral_masses": [
        89656.609375,
        952.2997436523438,
        60.13575744628906,
        49.92686462402344,
        74.80313110351562,
        179.71151733398438,
        91912.34375
      ],
      "fiedler_value": 0.8171767592430115,
      "connectivity": true
    },
    {
      "layer": 11,
      "energy": 125833.4140625,