{
  "text": "The professor reviewed the sources.",
  "tokens": [
    "<|begin_of_text|>",
    "The",
    "\u0120professor",
    "\u0120reviewed",
    "\u0120the",
    "\u0120sources",
    "."
  ],
  "diagnostics": [
    {
      "layer": 0,
      "energy": 903.30224609375,
      "smoothness_index": 0.6718895928939536,
      "spectral_entropy": 0.8881161212921143,
      "hfer": 0.5054515600204468,
      "eigenvalues": [
        3.5762786865234375e-07,
        0.8167487382888794,
        0.8572555780410767,
        0.9279847145080566,
        0.9543769359588623,
        0.9874958992004395,
        1.2476866245269775
      ],
      "spectral_masses": [
        605.0386962890625,
        5.395412445068359,
        1.706224799156189,
        40.433982849121094,
        2.8610117435455322,
        9.445789337158203,
        679.5393676757812
      ],
      "fiedler_value": 0.8167487382888794,
      "connectivity": true
    },
    {
      "layer": 1,
      "energy": 128246.25,
      "smoothness_index": 0.7253003616003733,
      "spectral_entropy": 0.7179374694824219,
      "hfer": 0.47916179895401,
      "eigenvalues": [
        4.76837158203125e-07,
        0.9210283160209656,
        0.9247057437896729,
        0.9616139531135559,
        0.9639965295791626,
        1.0209202766418457,
        1.5069862604141235
      ],
      "spectral_masses": [
        91496.25,
        129.87535095214844,
        183.99224853515625,
        79.41165924072266,
        121.8338623046875,
        82.26966857910156,
        84724.5
      ],
      "fiedler_value": 0.9210283160209656,
      "connectivity": true
    },
    {
      "layer": 2,
      "energy": 129307.6875,
      "smoothness_index": 0.7295656921395011,
      "spectral_entropy": 0.7341318130493164,
      "hfer": 0.46680718660354614,
      "eigenvalues": [
        3.5762786865234375e-07,
        0.9311386942863464,
        0.9529547691345215,
        0.9718807935714722,
        0.9773553609848022,
        1.001621961593628,
        1.5491684675216675
      ],
      "spectral_masses": [
        93301.171875,
        809.1220703125,
        180.16351318359375,
        12.84662914276123,
        103.69021606445312,
        95.71766662597656,
        82736.5703125
      ],
      "fiedler_value": 0.9311386942863464,
      "connectivity": true
    },
    {
      "layer": 3,
      "energy": 126325.5703125,
      "smoothness_index": 0.710898224222098,
      "spectral_entropy": 0.7705174684524536,
      "hfer": 0.49225887656211853,
      "eigenvalues": [
        3.5762786865234375e-07,
        0.8884550333023071,
        0.9108565449714661,
        0.9463242292404175,
        0.9664264917373657,
        1.0072073936462402,
        1.4162278175354004
      ],
      "spectral_masses": [
        87569.578125,
        10.057592391967773,
        2165.501953125,
        256.47039794921875,
        148.35154724121094,
        74.88770294189453,
        87473.6640625
      ],
      "fiedler_value": 0.8884550333023071,
      "connectivity": true
    },
    {
      "layer": 4,
      "energy": 125401.03125,
      "smoothness_index": 0.7028835803468515,
      "spectral_entropy": 0.7926337122917175,
      "hfer": 0.5038785338401794,
      "eigenvalues": [
        5.960464477539062e-07,
        0.8379405736923218,
        0.9020673632621765,
        0.9216277599334717,
        0.9421854019165039,
        0.9904428124427795,
        1.3638176918029785
      ],
      "spectral_masses": [
        85364.96875,
        1151.75,
        775.61962890625,
        979.3713989257812,
        159.59844970703125,
        81.39987182617188,
        89896.6484375
      ],
      "fiedler_value": 0.8379405736923218,
      "connectivity": true
    },
    {
      "layer": 5,
      "energy": 128278.2109375,
      "smoothness_index": 0.7159026499315299,
      "spectral_entropy": 0.735033392906189,
      "hfer": 0.4925265312194824,
      "eigenvalues": [
        2.384185791015625e-07,
        0.8888457417488098,
        0.9234216809272766,
        0.9489189386367798,
        0.9515163898468018,
        0.9951155781745911,
        1.4414316415786743
      ],
      "spectral_masses": [
        89788.5625,
        96.58811950683594,
        608.8603515625,
        298.9256896972656,
        32.182743072509766,
        105.94741821289062,
        88252.8125
      ],
      "fiedler_value": 0.8888457417488098,
      "connectivity": true
    },
    {
      "layer": 6,
      "energy": 124987.140625,
      "smoothness_index": 0.6941052427344868,
      "spectral_entropy": 0.7672991752624512,
      "hfer": 0.5198326706886292,
      "eigenvalues": [
        3.5762786865234375e-07,
        0.8127798438072205,
        0.86757493019104,
        0.8949257731437683,
        0.9232195615768433,
        0.9605218172073364,
        1.3121529817581177
      ],
      "spectral_masses": [
        84008.3671875,
        548.4010620117188,
        12.745338439941406,
        1571.5740966796875,
        298.25604248046875,
        24.119089126586914,
        93605.96875
      ],
      "fiedler_value": 0.8127798438072205,
      "connectivity": true
    },
    {
      "layer": 7,
      "energy": 127755.203125,
      "smoothness_index": 0.7060466512377808,
      "spectral_entropy": 0.7165026664733887,
      "hfer": 0.5088602304458618,
      "eigenvalues": [
        2.384185791015625e-07,
        0.8943637609481812,
        0.9137090444564819,
        0.9443677663803101,
        0.9734008312225342,
        0.9867667555809021,
        1.3811259269714355
      ],
      "spectral_masses": [
        88244.375,
        14.57891845703125,
        109.64862060546875,
        455.8368835449219,
        15.255151748657227,
        29.2857666015625,
        92075.4140625
      ],
      "fiedler_value": 0.8943637609481812,
      "connectivity": true
    },
    {
      "layer": 8,
      "energy": 125575.359375,
      "smoothness_index": 0.6913928427177835,
      "spectral_entropy": 0.7544049620628357,
      "hfer": 0.5188285112380981,
      "eigenvalues": [
        7.152557373046875e-07,
        0.8110661506652832,
        0.889693021774292,
        0.9014402031898499,
        0.9534857273101807,
        0.9663763642311096,
        1.3152395486831665
      ],
      "spectral_masses": [
        85467.890625,
        1222.170654296875,
        112.05281066894531,
        402.135498046875,
        18.34615707397461,
        171.0103759765625,
        94233.1328125
      ],
      "fiedler_value": 0.8110661506652832,
      "connectivity": true
    },
    {
      "layer": 9,
      "energy": 122023.4921875,
      "smoothness_index": 0.6686290879507776,
      "spectral_entropy": 0.8365973234176636,
      "hfer": 0.5232111215591431,
      "eigenvalues": [
        8.344650268554688e-07,
        0.7575590014457703,
        0.7982876300811768,
        0.8575068712234497,
        0.9232568740844727,
        0.944256067276001,
        1.2298301458358765
      ],
      "spectral_masses": [
        81227.34375,
        3682.67626953125,
        229.458740234375,
        1715.083740234375,
        12.703346252441406,
        145.78338623046875,
        95485.03125
      ],
      "fiedler_value": 0.7575590014457703,
      "connectivity": true
    },
    {
      "layer": 10,
      "energy": 126645.3046875,
      "smoothness_index": 0.6924828192860061,
      "spectral_entropy": 0.7375049591064453,
      "hfer": 0.502566933631897,
      "eigenvalues": [
        2.384185791015625e-07,
        0.8171766996383667,
        0.850680947303772,
        0.8798898458480835,
        0.9086539149284363,
        0.9169939160346985,
        1.3658579587936401
      ],
      "spectral_masses": [
        89656.578125,
        952.300537109375,
        60.13596725463867,
        49.92723846435547,
        74.80392456054688,
        179.7105712890625,
        91912.359375
      ],
      "fiedler_value": 0.8171766996383667,
      "connectivity": true
    },
    {
      "layer": 11,
      "energy": 125833.4140625,