{
  "text": "The professor reviewed the sources.",
  "tokens": [
    "The",
    "\u0120professor",
    "\u0120reviewed",
    "\u0120the",
    "\u0120sources",
    "."
  ],
  "diagnostics": [
    {
      "layer": 0,
      "energy": 1158.486328125,
      "smoothness_index": 0.3442124745793695,
      "spectral_entropy": 1.423941731452942,
      "hfer": 0.1710873246192932,
      "eigenvalues": [
        2.384185791015625e-07,
        0.4462682604789734,
        0.5540063381195068,
        0.7637275457382202,
        0.80458664894104,
        0.8149051070213318
      ],
      "spectral_masses": [
        1750.24072265625,
        262.7264404296875,
        160.00778198242188,
        316.41680908203125,
        300.4083251953125,
        575.8138427734375
      ],
      "fiedler_value": 0.4462682604789734,
      "connectivity": true
    },
    {
      "layer": 1,
      "energy": 4075.658935546875,
      "smoothness_index": 0.34682873130470887,
      "spectral_entropy": 1.338761806488037,
      "hfer": 0.03289104998111725,
      "eigenvalues": [
        1.1920928955078125e-07,
        0.5942414402961731,
        0.7462343573570251,
        0.8277115225791931,
        0.8434599041938782,
        0.9439144730567932
      ],
      "spectral_masses": [
        6526.322265625,
        998.9840087890625,
        900.8272094726562,
        2133.940185546875,
        804.6300659179688,
        386.509765625
      ],
      "fiedler_value": 0.5942414402961731,
      "connectivity": true
    },
    {
      "layer": 2,
      "energy": 5180.12939453125,
      "smoothness_index": 0.42556832071378986,
      "spectral_entropy": 1.2885335683822632,
      "hfer": 0.06498445570468903,
      "eigenvalues": [
        0.0,
        0.7083867788314819,
        0.8016291856765747,
        0.9093546271324158,
        0.9849733114242554,
        1.0182876586914062
      ],
      "spectral_masses": [
        6643.7568359375,
        592.5219116210938,
        230.8384552001953,
        1129.987548828125,
        2784.150634765625,
        791.0078735351562
      ],
      "fiedler_value": 0.7083867788314819,
      "connectivity": true
    },
    {
      "layer": 3,
      "energy": 63773696.0,
      "smoothness_index": 0.6015011360799105,
      "spectral_entropy": 1.5880019664764404,
      "hfer": 0.00038774911081418395,
      "eigenvalues": [
        2.384185791015625e-07,
        0.6153317093849182,
        0.694905161857605,
        0.7797050476074219,
        0.9141867160797119,
        0.9621999263763428
      ],
      "spectral_masses": [
        19824378.0,
        22127868.0,
        20615452.0,
        28981032.0,
        14434406.0,
        41110.8125
      ],
      "fiedler_value": 0.6153317093849182,
      "connectivity": true
    },
    {
      "layer": 4,
      "energy": 110727936.0,
      "smoothness_index": 0.6619477257555826,
      "spectral_entropy": 1.0041782855987549,
      "hfer": 0.45130282640457153,
      "eigenvalues": [
        0.0,
        0.12177430093288422,
        0.9434553384780884,
        0.9699678421020508,
        1.0109992027282715,
        1.4159648418426514
      ],
      "spectral_masses": [
        73667728.0,
        16212056.0,
        56086.484375,
        1504855.875,
        343083.34375,
        75492072.0
      ],
      "fiedler_value": 0.12177430093288422,
      "connectivity": true
    },
    {
      "layer": 5,
      "energy": 115482944.0,
      "smoothness_index": 0.6704023091531477,
      "spectral_entropy": 0.965036928653717,
      "hfer": 0.43487635254859924,
      "eigenvalues": [
        3.7529076735154376e-08,
        0.08931680023670197,
        0.9521549344062805,
        0.9981771111488342,
        1.0153075456619263,
        1.5148875713348389
      ],
      "spectral_masses": [
        79989488.0,
        16856720.0,
        223522.59375,
        10727.4521484375,
        267283.9375,
        74911440.0
      ],
      "fiedler_value": 0.08931680023670197,
      "connectivity": true
    },
    {
      "layer": 6,
      "energy": 130614272.0,
      "smoothness_index": 0.7389899362605392,
      "spectral_entropy": 0.9511042237281799,
      "hfer": 0.5274420380592346,
      "eigenvalues": [
        4.76837158203125e-07,
        0.26296305656433105,
        0.9426705241203308,
        0.9906638860702515,
        1.0437790155410767,
        1.3420543670654297
      ],
      "spectral_masses": [
        68475344.0,
        13056599.0,
        30078.95703125,
        112174.046875,
        1849031.875,
        93223840.0
      ],
      "fiedler_value": 0.26296305656433105,
      "connectivity": true
    },
    {
      "layer": 7,
      "energy": 108903736.0,
      "smoothness_index": 0.6067142703571338,
      "spectral_entropy": 1.101222038269043,
      "hfer": 0.4665324091911316,
      "eigenvalues": [
        4.76837158203125e-07,
        0.09549248218536377,
        0.8369140625,
        0.9051998853683472,
        0.9610146880149841,
        1.2110991477966309
      ],
      "spectral_masses": [
        72684696.0,
        16443387.0,
        2323679.25,
        2990200.5,
        1314155.0,
        83741408.0
      ],
      "fiedler_value": 0.09549248218536377,
      "connectivity": true
    },
    {
      "layer": 8,
      "energy": 115277520.0,
      "smoothness_index": 0.6354467308671296,
      "spectral_entropy": 1.0682146549224854,
      "hfer": 0.45370247960090637,
      "eigenvalues": [
        3.5762786865234375e-07,
        0.09036850929260254,
        0.8971513509750366,
        0.9286371469497681,
        1.0363439321517944,
        1.3148964643478394
      ],
      "spectral_masses": [
        77226144.0,
        16315420.0,
        990020.5,
        461463.875,
        4111777.0,
        82307000.0
      ],
      "fiedler_value": 0.09036850929260254,
      "connectivity": true
    },
    {
      "layer": 9,
      "energy": 115054824.0,
      "smoothness_index": 0.6148589349894821,
      "spectral_entropy": 1.0011605024337769,
      "hfer": 0.4800659120082855,
      "eigenvalues": [
        0.0,
        0.06436415761709213,
        0.8529177904129028,
        0.9034718871116638,
        0.9108854532241821,
        1.2402141094207764
      ],
      "spectral_masses": [
        78292136.0,
        16131077.0,
        55678.734375,
        559823.625,
        2253366.0,
        89831792.0
      ],
      "fiedler_value": 0.06436415761709213,
      "connectivity": true
    },
    {
      "layer": 10,
      "energy": 112057024.0,
      "smoothness_index": 0.5941762689006732,
      "spectral_entropy": 1.0492634773254395,
      "hfer": 0.4841288924217224,
      "eigenvalues": [
        2.384185791015625e-07,
        0.06757700443267822,
        0.813691258430481,
        0.87109375,
        0.9725786447525024,
        1.1579562425613403
      ],
      "spectral_masses": [
        75821072.0,
        15916316.0,
        357200.9375,
        850090.75,
        4344588.5,
        91302944.0
      ],
      "fiedler_value": 0.06757700443267822,
      "connectivity": true
    },
    {
      "layer": 11,
      "energy": 117699008.0,
      "smoothness_index": 0.5991803916956177,
      "spectral_entropy": 1.04152512550354,
      "hfer": 0.4618529677391052,
      "eigenvalues": [
        3.5762786865234375e-07,
        0.06179964542388916,
        0.8858633041381836,
        0.9215395450592041,
        1.0227656364440918,
        1.235880732536316
      ],
      "spectral_masses": [
        82877792.0,
        18392606.0,
        559831.0,
        246499.9375,
        3633332.5,
        90723360.0
      ],
      "fiedler_value": 0.06179964542388916,
      "connectivity": true
    },
    {
      "layer": 12,
      "energy": 122697440.0,
      "smoothness_index": 0.6104497971533003,
      "spectral_entropy": 0.9766240119934082,
      "hfer": 0.46194255352020264,